{"columns":[2007.0,2008.0,2009.0,2010.0,2011.0,2012.0,2013.0,2014.0,2015.0,2016.0],"index":["20_BP","20_US","95_BP","95_US"],"data":[[0.0,-11.4652279889,-14.1139895135,-21.8262914024,-22.4480038935,-21.3469391659,-22.497680814,-19.2909179462,-20.3322881717,-13.6464472815],[0.0,-2.1725061198,-6.0661931602,-8.8516580214,-12.6100138026,-13.0321891371,-12.8966952985,-11.960653343,-8.309640926,-7.0665936921],[0.0,6.5128862893,-9.0485467719,-12.3680595213,-17.0443883322,-6.7079308123,-6.4794989611,-3.1562811889,-8.5107285264,-5.4791053579],[0.0,-0.157158018,-5.0534805649,-8.4612735217,-7.6685178544,-7.2324746226,-2.8352635302,-2.5515644098,2.4041269758,4.9450863572]]}